{
  "host-native": {
    "resolutionScale": 1,
    "effectivePixelRatio": 1,
    "internalPixels": 921600,
    "frameCount": 85,
    "avgMs": 1.389411766388837,
    "maxMs": 82
  },
  "host-balanced": {
    "resolutionScale": 0.85,
    "effectivePixelRatio": 0.85,
    "internalPixels": 665856,
    "frameCount": 145,
    "avgMs": 0.2716666708389918,
    "maxMs": 4.899999976158142
  },
  "host-degraded": {
    "resolutionScale": 0.7,
    "effectivePixelRatio": 0.7,
    "internalPixels": 450688,
    "frameCount": 144,
    "avgMs": 0.2141666660706202,
    "maxMs": 16.5
  },
  "host-fallback": {
    "resolutionScale": 0.55,
    "effectivePixelRatio": 0.55,
    "internalPixels": 278784,
    "frameCount": 144,
    "avgMs": 0.11666666865348815,
    "maxMs": 15.299999952316284
  }
}